Category,THICKNESS ,Type ,Face ,Size,Brand,weight


Doors,32MM,PF DOOR,Gurjan ,84x48,,
Doors,32MM,PF DOOR,Gurjan ,84x45,,
Doors,32MM,PF DOOR,Gurjan ,84x42,,
Doors,32MM,PF DOOR,Gurjan ,84x39,,
Doors,32MM,PF DOOR,Gurjan ,84x38,,
Doors,32MM,PF DOOR,Gurjan ,84x37,,
Doors,32MM,PF DOOR,Gurjan ,84x36,,
Doors,32MM,PF DOOR,Gurjan ,84x33,,
Doors,32MM,PF DOOR,Gurjan ,84x30,,
Doors,32MM,PF DOOR,Gurjan ,84x27,,
Doors,32MM,PF DOOR,Gurjan ,84x24,,
Doors,32MM,PF DOOR,Gurjan ,81x48,,
Doors,32MM,PF DOOR,Gurjan ,81x45,,
Doors,32MM,PF DOOR,Gurjan ,81x42,,
Doors,32MM,PF DOOR,Gurjan ,81x39,,
Doors,32MM,PF DOOR,Gurjan ,81x38,,
Doors,32MM,PF DOOR,Gurjan ,81x37,,
Doors,32MM,PF DOOR,Gurjan ,81x36,,
Doors,32MM,PF DOOR,Gurjan ,81x33,,
Doors,32MM,PF DOOR,Gurjan ,81x30,,
Doors,32MM,PF DOOR,Gurjan ,81x27,,
Doors,32MM,PF DOOR,Gurjan ,81x24,,
Doors,32MM,PF DOOR,Gurjan ,78x48,,
Doors,32MM,PF DOOR,Gurjan ,78x45,,
Doors,32MM,PF DOOR,Gurjan ,78x42,,
Doors,32MM,PF DOOR,Gurjan ,78x39,,
Doors,32MM,PF DOOR,Gurjan ,78x38,,
Doors,32MM,PF DOOR,Gurjan ,78x37,,
Doors,32MM,PF DOOR,Gurjan ,78x36,,
Doors,32MM,PF DOOR,Gurjan ,78x33,,
Doors,32MM,PF DOOR,Gurjan ,78x30,,
Doors,32MM,PF DOOR,Gurjan ,78x27,,
Doors,32MM,PF DOOR,Gurjan ,78x24,,
Doors,32MM,PF DOOR,Gurjan ,75x48,,
Doors,32MM,PF DOOR,Gurjan ,75x45,,
Doors,32MM,PF DOOR,Gurjan ,75x42,,
Doors,32MM,PF DOOR,Gurjan ,75x39,,
Doors,32MM,PF DOOR,Gurjan ,75x38,,
Doors,32MM,PF DOOR,Gurjan ,75x37,,
Doors,32MM,PF DOOR,Gurjan ,75x36,,
Doors,32MM,PF DOOR,Gurjan ,75x33,,
Doors,32MM,PF DOOR,Gurjan ,75x30,,
Doors,32MM,PF DOOR,Gurjan ,75x27,,
Doors,32MM,PF DOOR,Gurjan ,75x24,,
Doors,32MM,PF DOOR,Gurjan ,72x48,,
Doors,32MM,PF DOOR,Gurjan ,72x45,,
Doors,32MM,PF DOOR,Gurjan ,72x42,,
Doors,32MM,PF DOOR,Gurjan ,72x39,,
Doors,32MM,PF DOOR,Gurjan ,72x38,,
Doors,32MM,PF DOOR,Gurjan ,72x37,,
Doors,32MM,PF DOOR,Gurjan ,72x36,,
Doors,32MM,PF DOOR,Gurjan ,72x33,,
Doors,32MM,PF DOOR,Gurjan ,72x30,,
Doors,32MM,PF DOOR,Gurjan ,72x27,,
Doors,32MM,PF DOOR,Gurjan ,72x24,,
Doors,32MM,Fresh Pine Frame,Gurjan ,84x48,,
Doors,32MM,Fresh Pine Frame,Gurjan ,84x45,,
Doors,32MM,Fresh Pine Frame,Gurjan ,84x42,,
Doors,32MM,Fresh Pine Frame,Gurjan ,84x39,,
Doors,32MM,Fresh Pine Frame,Gurjan ,84x38,,
Doors,32MM,Fresh Pine Frame,Gurjan ,84x37,,
Doors,32MM,Fresh Pine Frame,Gurjan ,84x36,,
Doors,32MM,Fresh Pine Frame,Gurjan ,84x33,,
Doors,32MM,Fresh Pine Frame,Gurjan ,84x30,,
Doors,32MM,Fresh Pine Frame,Gurjan ,84x27,,
Doors,32MM,Fresh Pine Frame,Gurjan ,84x24,,
Doors,32MM,Fresh Pine Frame,Gurjan ,81x48,,
Doors,32MM,Fresh Pine Frame,Gurjan ,81x45,,
Doors,32MM,Fresh Pine Frame,Gurjan ,81x42,,
Doors,32MM,Fresh Pine Frame,Gurjan ,81x39,,
Doors,32MM,Fresh Pine Frame,Gurjan ,81x38,,
Doors,32MM,Fresh Pine Frame,Gurjan ,81x37,,
Doors,32MM,Fresh Pine Frame,Gurjan ,81x36,,
Doors,32MM,Fresh Pine Frame,Gurjan ,81x33,,
Doors,32MM,Fresh Pine Frame,Gurjan ,81x30,,
Doors,32MM,Fresh Pine Frame,Gurjan ,81x27,,
Doors,32MM,Fresh Pine Frame,Gurjan ,81x24,,
Doors,32MM,Fresh Pine Frame,Gurjan ,78x48,,
Doors,32MM,Fresh Pine Frame,Gurjan ,78x45,,
Doors,32MM,Fresh Pine Frame,Gurjan ,78x42,,
Doors,32MM,Fresh Pine Frame,Gurjan ,78x39,,
Doors,32MM,Fresh Pine Frame,Gurjan ,78x38,,
Doors,32MM,Fresh Pine Frame,Gurjan ,78x37,,
Doors,32MM,Fresh Pine Frame,Gurjan ,78x36,,
Doors,32MM,Fresh Pine Frame,Gurjan ,78x33,,
Doors,32MM,Fresh Pine Frame,Gurjan ,78x30,,
Doors,32MM,Fresh Pine Frame,Gurjan ,78x27,,
Doors,32MM,Fresh Pine Frame,Gurjan ,78x24,,
Doors,32MM,Fresh Pine Frame,Gurjan ,75x48,,
Doors,32MM,Fresh Pine Frame,Gurjan ,75x45,,
Doors,32MM,Fresh Pine Frame,Gurjan ,75x42,,
Doors,32MM,Fresh Pine Frame,Gurjan ,75x39,,
Doors,32MM,Fresh Pine Frame,Gurjan ,75x38,,
Doors,32MM,Fresh Pine Frame,Gurjan ,75x37,,
Doors,32MM,Fresh Pine Frame,Gurjan ,75x36,,
Doors,32MM,Fresh Pine Frame,Gurjan ,75x33,,
Doors,32MM,Fresh Pine Frame,Gurjan ,75x30,,
Doors,32MM,Fresh Pine Frame,Gurjan ,75x27,,
Doors,32MM,Fresh Pine Frame,Gurjan ,75x24,,
Doors,32MM,Fresh Pine Frame,Gurjan ,72x48,,
Doors,32MM,Fresh Pine Frame,Gurjan ,72x45,,
Doors,32MM,Fresh Pine Frame,Gurjan ,72x42,,
Doors,32MM,Fresh Pine Frame,Gurjan ,72x39,,
Doors,32MM,Fresh Pine Frame,Gurjan ,72x38,,
Doors,32MM,Fresh Pine Frame,Gurjan ,72x37,,
Doors,32MM,Fresh Pine Frame,Gurjan ,72x36,,
Doors,32MM,Fresh Pine Frame,Gurjan ,72x33,,
Doors,32MM,Fresh Pine Frame,Gurjan ,72x30,,
Doors,32MM,Fresh Pine Frame,Gurjan ,72x27,,
Doors,32MM,Fresh Pine Frame,Gurjan ,72x24,,
Doors,32MM,32mm Fresh KUK Frame,Gurjan ,84x48,,
Doors,32MM,32mm Fresh KUK Frame,Gurjan ,84x45,,
Doors,32MM,32mm Fresh KUK Frame,Gurjan ,84x42,,
Doors,32MM,32mm Fresh KUK Frame,Gurjan ,84x39,,
Doors,32MM,32mm Fresh KUK Frame,Gurjan ,84x38,,
Doors,32MM,32mm Fresh KUK Frame,Gurjan ,84x37,,
Doors,32MM,32mm Fresh KUK Frame,Gurjan ,84x36,,
Doors,32MM,32mm Fresh KUK Frame,Gurjan ,84x33,,
Doors,32MM,32mm Fresh KUK Frame,Gurjan ,84x30,,
Doors,32MM,32mm Fresh KUK Frame,Gurjan ,84x27,,
Doors,32MM,32mm Fresh KUK Frame,Gurjan ,84x24,,
Doors,32MM,32mm Fresh KUK Frame,Gurjan ,81x48,,
Doors,32MM,32mm Fresh KUK Frame,Gurjan ,81x45,,
Doors,32MM,32mm Fresh KUK Frame,Gurjan ,81x42,,
Doors,32MM,32mm Fresh KUK Frame,Gurjan ,81x39,,
Doors,32MM,32mm Fresh KUK Frame,Gurjan ,81x38,,
Doors,32MM,32mm Fresh KUK Frame,Gurjan ,81x37,,
Doors,32MM,32mm Fresh KUK Frame,Gurjan ,81x36,,
Doors,32MM,32mm Fresh KUK Frame,Gurjan ,81x33,,
Doors,32MM,32mm Fresh KUK Frame,Gurjan ,81x30,,
Doors,32MM,32mm Fresh KUK Frame,Gurjan ,81x27,,
Doors,32MM,32mm Fresh KUK Frame,Gurjan ,81x24,,
Doors,32MM,32mm Fresh KUK Frame,Gurjan ,78x48,,
Doors,32MM,32mm Fresh KUK Frame,Gurjan ,78x45,,
Doors,32MM,32mm Fresh KUK Frame,Gurjan ,78x42,,
Doors,32MM,32mm Fresh KUK Frame,Gurjan ,78x39,,
Doors,32MM,32mm Fresh KUK Frame,Gurjan ,78x38,,
Doors,32MM,32mm Fresh KUK Frame,Gurjan ,78x37,,
Doors,32MM,32mm Fresh KUK Frame,Gurjan ,78x36,,
Doors,32MM,32mm Fresh KUK Frame,Gurjan ,78x33,,
Doors,32MM,32mm Fresh KUK Frame,Gurjan ,78x30,,
Doors,32MM,32mm Fresh KUK Frame,Gurjan ,78x27,,
Doors,32MM,32mm Fresh KUK Frame,Gurjan ,78x24,,
Doors,32MM,32mm Fresh KUK Frame,Gurjan ,75x48,,
Doors,32MM,32mm Fresh KUK Frame,Gurjan ,75x45,,
Doors,32MM,32mm Fresh KUK Frame,Gurjan ,75x42,,
Doors,32MM,32mm Fresh KUK Frame,Gurjan ,75x39,,
Doors,32MM,32mm Fresh KUK Frame,Gurjan ,75x38,,
Doors,32MM,32mm Fresh KUK Frame,Gurjan ,75x37,,
Doors,32MM,32mm Fresh KUK Frame,Gurjan ,75x36,,
Doors,32MM,32mm Fresh KUK Frame,Gurjan ,75x33,,
Doors,32MM,32mm Fresh KUK Frame,Gurjan ,75x30,,
Doors,32MM,32mm Fresh KUK Frame,Gurjan ,75x27,,
Doors,32MM,32mm Fresh KUK Frame,Gurjan ,75x24,,
Doors,32MM,32mm Fresh KUK Frame,Gurjan ,72x48,,
Doors,32MM,32mm Fresh KUK Frame,Gurjan ,72x45,,
Doors,32MM,32mm Fresh KUK Frame,Gurjan ,72x42,,
Doors,32MM,32mm Fresh KUK Frame,Gurjan ,72x39,,
Doors,32MM,32mm Fresh KUK Frame,Gurjan ,72x38,,
Doors,32MM,32mm Fresh KUK Frame,Gurjan ,72x37,,
Doors,32MM,32mm Fresh KUK Frame,Gurjan ,72x36,,
Doors,32MM,32mm Fresh KUK Frame,Gurjan ,72x33,,
Doors,32MM,32mm Fresh KUK Frame,Gurjan ,72x30,,
Doors,32MM,32mm Fresh KUK Frame,Gurjan ,72x27,,
Doors,32MM,32mm Fresh KUK Frame,Gurjan ,72x24,,
Doors,32MM,Jabra ,Gurjan ,84x48,,
Doors,32MM,Jabra ,Gurjan ,84x45,,
Doors,32MM,Jabra ,Gurjan ,84x42,,
Doors,32MM,Jabra ,Gurjan ,84x39,,
Doors,32MM,Jabra ,Gurjan ,84x38,,
Doors,32MM,Jabra ,Gurjan ,84x37,,
Doors,32MM,Jabra ,Gurjan ,84x36,,
Doors,32MM,Jabra ,Gurjan ,84x33,,
Doors,32MM,Jabra ,Gurjan ,84x30,,
Doors,32MM,Jabra ,Gurjan ,84x27,,
Doors,32MM,Jabra ,Gurjan ,84x24,,
Doors,32MM,Jabra ,Gurjan ,81x48,,
Doors,32MM,Jabra ,Gurjan ,81x45,,
Doors,32MM,Jabra ,Gurjan ,81x42,,
Doors,32MM,Jabra ,Gurjan ,81x39,,
Doors,32MM,Jabra ,Gurjan ,81x38,,
Doors,32MM,Jabra ,Gurjan ,81x37,,
Doors,32MM,Jabra ,Gurjan ,81x36,,
Doors,32MM,Jabra ,Gurjan ,81x33,,
Doors,32MM,Jabra ,Gurjan ,81x30,,
Doors,32MM,Jabra ,Gurjan ,81x27,,
Doors,32MM,Jabra ,Gurjan ,81x24,,
Doors,32MM,Jabra ,Gurjan ,78x48,,
Doors,32MM,Jabra ,Gurjan ,78x45,,
Doors,32MM,Jabra ,Gurjan ,78x42,,
Doors,32MM,Jabra ,Gurjan ,78x39,,
Doors,32MM,Jabra ,Gurjan ,78x38,,
Doors,32MM,Jabra ,Gurjan ,78x37,,
Doors,32MM,Jabra ,Gurjan ,78x36,,
Doors,32MM,Jabra ,Gurjan ,78x33,,
Doors,32MM,Jabra ,Gurjan ,78x30,,
Doors,32MM,Jabra ,Gurjan ,78x27,,
Doors,32MM,Jabra ,Gurjan ,78x24,,
Doors,32MM,Jabra ,Gurjan ,75x48,,
Doors,32MM,Jabra ,Gurjan ,75x45,,
Doors,32MM,Jabra ,Gurjan ,75x42,,
Doors,32MM,Jabra ,Gurjan ,75x39,,
Doors,32MM,Jabra ,Gurjan ,75x38,,
Doors,32MM,Jabra ,Gurjan ,75x37,,
Doors,32MM,Jabra ,Gurjan ,75x36,,
Doors,32MM,Jabra ,Gurjan ,75x33,,
Doors,32MM,Jabra ,Gurjan ,75x30,,
Doors,32MM,Jabra ,Gurjan ,75x27,,
Doors,32MM,Jabra ,Gurjan ,75x24,,
Doors,32MM,Jabra ,Gurjan ,72x48,,
Doors,32MM,Jabra ,Gurjan ,72x45,,
Doors,32MM,Jabra ,Gurjan ,72x42,,
Doors,32MM,Jabra ,Gurjan ,72x39,,
Doors,32MM,Jabra ,Gurjan ,72x38,,
Doors,32MM,Jabra ,Gurjan ,72x37,,
Doors,32MM,Jabra ,Gurjan ,72x36,,
Doors,32MM,Jabra ,Gurjan ,72x33,,
Doors,32MM,Jabra ,Gurjan ,72x30,,
Doors,32MM,Jabra ,Gurjan ,72x27,,
Doors,32MM,Jabra ,Gurjan ,72x24,,
Doors,32MM,Jabra ,Okume ,84x48,,
Doors,32MM,Jabra ,Okume ,84x45,,
Doors,32MM,Jabra ,Okume ,84x42,,
Doors,32MM,Jabra ,Okume ,84x39,,
Doors,32MM,Jabra ,Okume ,84x38,,
Doors,32MM,Jabra ,Okume ,84x37,,
Doors,32MM,Jabra ,Okume ,84x36,,
Doors,32MM,Jabra ,Okume ,84x33,,
Doors,32MM,Jabra ,Okume ,84x30,,
Doors,32MM,Jabra ,Okume ,84x27,,
Doors,32MM,Jabra ,Okume ,84x24,,
Doors,32MM,Jabra ,Okume ,81x48,,
Doors,32MM,Jabra ,Okume ,81x45,,
Doors,32MM,Jabra ,Okume ,81x42,,
Doors,32MM,Jabra ,Okume ,81x39,,
Doors,32MM,Jabra ,Okume ,81x38,,
Doors,32MM,Jabra ,Okume ,81x37,,
Doors,32MM,Jabra ,Okume ,81x36,,
Doors,32MM,Jabra ,Okume ,81x33,,
Doors,32MM,Jabra ,Okume ,81x30,,
Doors,32MM,Jabra ,Okume ,81x27,,
Doors,32MM,Jabra ,Okume ,81x24,,
Doors,32MM,Jabra ,Okume ,78x48,,
Doors,32MM,Jabra ,Okume ,78x45,,
Doors,32MM,Jabra ,Okume ,78x42,,
Doors,32MM,Jabra ,Okume ,78x39,,
Doors,32MM,Jabra ,Okume ,78x38,,
Doors,32MM,Jabra ,Okume ,78x37,,
Doors,32MM,Jabra ,Okume ,78x36,,
Doors,32MM,Jabra ,Okume ,78x33,,
Doors,32MM,Jabra ,Okume ,78x30,,
Doors,32MM,Jabra ,Okume ,78x27,,
Doors,32MM,Jabra ,Okume ,78x24,,
Doors,32MM,Jabra ,Okume ,75x48,,
Doors,32MM,Jabra ,Okume ,75x45,,
Doors,32MM,Jabra ,Okume ,75x42,,
Doors,32MM,Jabra ,Okume ,75x39,,
Doors,32MM,Jabra ,Okume ,75x38,,
Doors,32MM,Jabra ,Okume ,75x37,,
Doors,32MM,Jabra ,Okume ,75x36,,
Doors,32MM,Jabra ,Okume ,75x33,,
Doors,32MM,Jabra ,Okume ,75x30,,
Doors,32MM,Jabra ,Okume ,75x27,,
Doors,32MM,Jabra ,Okume ,75x24,,
Doors,32MM,Jabra ,Okume ,72x48,,
Doors,32MM,Jabra ,Okume ,72x45,,
Doors,32MM,Jabra ,Okume ,72x42,,
Doors,32MM,Jabra ,Okume ,72x39,,
Doors,32MM,Jabra ,Okume ,72x38,,
Doors,32MM,Jabra ,Okume ,72x37,,
Doors,32MM,Jabra ,Okume ,72x36,,
Doors,32MM,Jabra ,Okume ,72x33,,
Doors,32MM,Jabra ,Okume ,72x30,,
Doors,32MM,Jabra ,Okume ,72x27,,
Doors,32MM,Jabra ,Okume ,72x24,,
Doors,30MM,PF DOOR ,GURJAN ,84x48,,
Doors,30MM,PF DOOR ,GURJAN ,84x45,,
Doors,30MM,PF DOOR ,GURJAN ,84x42,,
Doors,30MM,PF DOOR ,GURJAN ,84x39,,
Doors,30MM,PF DOOR ,GURJAN ,84x38,,
Doors,30MM,PF DOOR ,GURJAN ,84x37,,
Doors,30MM,PF DOOR ,GURJAN ,84x36,,
Doors,30MM,PF DOOR ,GURJAN ,84x33,,
Doors,30MM,PF DOOR ,GURJAN ,84x30,,
Doors,30MM,PF DOOR ,GURJAN ,84x27,,
Doors,30MM,PF DOOR ,GURJAN ,84x24,,
Doors,30MM,PF DOOR ,GURJAN ,81x48,,
Doors,30MM,PF DOOR ,GURJAN ,81x45,,
Doors,30MM,PF DOOR ,GURJAN ,81x42,,
Doors,30MM,PF DOOR ,GURJAN ,81x39,,
Doors,30MM,PF DOOR ,GURJAN ,81x38,,
Doors,30MM,PF DOOR ,GURJAN ,81x37,,
Doors,30MM,PF DOOR ,GURJAN ,81x36,,
Doors,30MM,PF DOOR ,GURJAN ,81x33,,
Doors,30MM,PF DOOR ,GURJAN ,81x30,,
Doors,30MM,PF DOOR ,GURJAN ,81x27,,
Doors,30MM,PF DOOR ,GURJAN ,81x24,,
Doors,30MM,PF DOOR ,GURJAN ,78x48,,
Doors,30MM,PF DOOR ,GURJAN ,78x45,,
Doors,30MM,PF DOOR ,GURJAN ,78x42,,
Doors,30MM,PF DOOR ,GURJAN ,78x39,,
Doors,30MM,PF DOOR ,GURJAN ,78x38,,
Doors,30MM,PF DOOR ,GURJAN ,78x37,,
Doors,30MM,PF DOOR ,GURJAN ,78x36,,
Doors,30MM,PF DOOR ,GURJAN ,78x33,,
Doors,30MM,PF DOOR ,GURJAN ,78x30,,
Doors,30MM,PF DOOR ,GURJAN ,78x27,,
Doors,30MM,PF DOOR ,GURJAN ,78x24,,
Doors,30MM,PF DOOR ,GURJAN ,75x48,,
Doors,30MM,PF DOOR ,GURJAN ,75x45,,
Doors,30MM,PF DOOR ,GURJAN ,75x42,,
Doors,30MM,PF DOOR ,GURJAN ,75x39,,
Doors,30MM,PF DOOR ,GURJAN ,75x38,,
Doors,30MM,PF DOOR ,GURJAN ,75x37,,
Doors,30MM,PF DOOR ,GURJAN ,75x36,,
Doors,30MM,PF DOOR ,GURJAN ,75x33,,
Doors,30MM,PF DOOR ,GURJAN ,75x30,,
Doors,30MM,PF DOOR ,GURJAN ,75x27,,
Doors,30MM,PF DOOR ,GURJAN ,75x24,,
Doors,30MM,PF DOOR ,GURJAN ,72x48,,
Doors,30MM,PF DOOR ,GURJAN ,72x45,,
Doors,30MM,PF DOOR ,GURJAN ,72x42,,
Doors,30MM,PF DOOR ,GURJAN ,72x39,,
Doors,30MM,PF DOOR ,GURJAN ,72x38,,
Doors,30MM,PF DOOR ,GURJAN ,72x37,,
Doors,30MM,PF DOOR ,GURJAN ,72x36,,
Doors,30MM,PF DOOR ,GURJAN ,72x33,,
Doors,30MM,PF DOOR ,GURJAN ,72x30,,
Doors,30MM,PF DOOR ,GURJAN ,72x27,,
Doors,30MM,PF DOOR ,GURJAN ,72x24,,
Doors,30MM,PF DOOR ,OKUME ,84x48,,
Doors,30MM,PF DOOR ,OKUME ,84x45,,
Doors,30MM,PF DOOR ,OKUME ,84x42,,
Doors,30MM,PF DOOR ,OKUME ,84x39,,
Doors,30MM,PF DOOR ,OKUME ,84x38,,
Doors,30MM,PF DOOR ,OKUME ,84x37,,
Doors,30MM,PF DOOR ,OKUME ,84x36,,
Doors,30MM,PF DOOR ,OKUME ,84x33,,
Doors,30MM,PF DOOR ,OKUME ,84x30,,
Doors,30MM,PF DOOR ,OKUME ,84x27,,
Doors,30MM,PF DOOR ,OKUME ,84x24,,
Doors,30MM,PF DOOR ,OKUME ,81x48,,
Doors,30MM,PF DOOR ,OKUME ,81x45,,
Doors,30MM,PF DOOR ,OKUME ,81x42,,
Doors,30MM,PF DOOR ,OKUME ,81x39,,
Doors,30MM,PF DOOR ,OKUME ,81x38,,
Doors,30MM,PF DOOR ,OKUME ,81x37,,
Doors,30MM,PF DOOR ,OKUME ,81x36,,
Doors,30MM,PF DOOR ,OKUME ,81x33,,
Doors,30MM,PF DOOR ,OKUME ,81x30,,
Doors,30MM,PF DOOR ,OKUME ,81x27,,
Doors,30MM,PF DOOR ,OKUME ,81x24,,
Doors,30MM,PF DOOR ,OKUME ,78x48,,
Doors,30MM,PF DOOR ,OKUME ,78x45,,
Doors,30MM,PF DOOR ,OKUME ,78x42,,
Doors,30MM,PF DOOR ,OKUME ,78x39,,
Doors,30MM,PF DOOR ,OKUME ,78x38,,
Doors,30MM,PF DOOR ,OKUME ,78x37,,
Doors,30MM,PF DOOR ,OKUME ,78x36,,
Doors,30MM,PF DOOR ,OKUME ,78x33,,
Doors,30MM,PF DOOR ,OKUME ,78x30,,
Doors,30MM,PF DOOR ,OKUME ,78x27,,
Doors,30MM,PF DOOR ,OKUME ,78x24,,
Doors,30MM,PF DOOR ,OKUME ,75x48,,
Doors,30MM,PF DOOR ,OKUME ,75x45,,
Doors,30MM,PF DOOR ,OKUME ,75x42,,
Doors,30MM,PF DOOR ,OKUME ,75x39,,
Doors,30MM,PF DOOR ,OKUME ,75x38,,
Doors,30MM,PF DOOR ,OKUME ,75x37,,
Doors,30MM,PF DOOR ,OKUME ,75x36,,
Doors,30MM,PF DOOR ,OKUME ,75x33,,
Doors,30MM,PF DOOR ,OKUME ,75x30,,
Doors,30MM,PF DOOR ,OKUME ,75x27,,
Doors,30MM,PF DOOR ,OKUME ,75x24,,
Doors,30MM,PF DOOR ,OKUME ,72x48,,
Doors,30MM,PF DOOR ,OKUME ,72x45,,
Doors,30MM,PF DOOR ,OKUME ,72x42,,
Doors,30MM,PF DOOR ,OKUME ,72x39,,
Doors,30MM,PF DOOR ,OKUME ,72x38,,
Doors,30MM,PF DOOR ,OKUME ,72x37,,
Doors,30MM,PF DOOR ,OKUME ,72x36,,
Doors,30MM,PF DOOR ,OKUME ,72x33,,
Doors,30MM,PF DOOR ,OKUME ,72x30,,
Doors,30MM,PF DOOR ,OKUME ,72x27,,
Doors,30MM,PF DOOR ,OKUME ,72x24,,
Doors,30MM,FRESH D/CORE,GURJAN ,84x48,,
Doors,30MM,FRESH D/CORE,GURJAN ,84x45,,
Doors,30MM,FRESH D/CORE,GURJAN ,84x42,,
Doors,30MM,FRESH D/CORE,GURJAN ,84x39,,
Doors,30MM,FRESH D/CORE,GURJAN ,84x38,,
Doors,30MM,FRESH D/CORE,GURJAN ,84x37,,
Doors,30MM,FRESH D/CORE,GURJAN ,84x36,,
Doors,30MM,FRESH D/CORE,GURJAN ,84x33,,
Doors,30MM,FRESH D/CORE,GURJAN ,84x30,,
Doors,30MM,FRESH D/CORE,GURJAN ,84x27,,
Doors,30MM,FRESH D/CORE,GURJAN ,84x24,,
Doors,30MM,FRESH D/CORE,GURJAN ,81x48,,
Doors,30MM,FRESH D/CORE,GURJAN ,81x45,,
Doors,30MM,FRESH D/CORE,GURJAN ,81x42,,
Doors,30MM,FRESH D/CORE,GURJAN ,81x39,,
Doors,30MM,FRESH D/CORE,GURJAN ,81x38,,
Doors,30MM,FRESH D/CORE,GURJAN ,81x37,,
Doors,30MM,FRESH D/CORE,GURJAN ,81x36,,
Doors,30MM,FRESH D/CORE,GURJAN ,81x33,,
Doors,30MM,FRESH D/CORE,GURJAN ,81x30,,
Doors,30MM,FRESH D/CORE,GURJAN ,81x27,,
Doors,30MM,FRESH D/CORE,GURJAN ,81x24,,
Doors,30MM,FRESH D/CORE,GURJAN ,78x48,,
Doors,30MM,FRESH D/CORE,GURJAN ,78x45,,
Doors,30MM,FRESH D/CORE,GURJAN ,78x42,,
Doors,30MM,FRESH D/CORE,GURJAN ,78x39,,
Doors,30MM,FRESH D/CORE,GURJAN ,78x38,,
Doors,30MM,FRESH D/CORE,GURJAN ,78x37,,
Doors,30MM,FRESH D/CORE,GURJAN ,78x36,,
Doors,30MM,FRESH D/CORE,GURJAN ,78x33,,
Doors,30MM,FRESH D/CORE,GURJAN ,78x30,,
Doors,30MM,FRESH D/CORE,GURJAN ,78x27,,
Doors,30MM,FRESH D/CORE,GURJAN ,78x24,,
Doors,30MM,FRESH D/CORE,GURJAN ,75x48,,
Doors,30MM,FRESH D/CORE,GURJAN ,75x45,,
Doors,30MM,FRESH D/CORE,GURJAN ,75x42,,
Doors,30MM,FRESH D/CORE,GURJAN ,75x39,,
Doors,30MM,FRESH D/CORE,GURJAN ,75x38,,
Doors,30MM,FRESH D/CORE,GURJAN ,75x37,,
Doors,30MM,FRESH D/CORE,GURJAN ,75x36,,
Doors,30MM,FRESH D/CORE,GURJAN ,75x33,,
Doors,30MM,FRESH D/CORE,GURJAN ,75x30,,
Doors,30MM,FRESH D/CORE,GURJAN ,75x27,,
Doors,30MM,FRESH D/CORE,GURJAN ,75x24,,
Doors,30MM,FRESH D/CORE,GURJAN ,72x48,,
Doors,30MM,FRESH D/CORE,GURJAN ,72x45,,
Doors,30MM,FRESH D/CORE,GURJAN ,72x42,,
Doors,30MM,FRESH D/CORE,GURJAN ,72x39,,
Doors,30MM,FRESH D/CORE,GURJAN ,72x38,,
Doors,30MM,FRESH D/CORE,GURJAN ,72x37,,
Doors,30MM,FRESH D/CORE,GURJAN ,72x36,,
Doors,30MM,FRESH D/CORE,GURJAN ,72x33,,
Doors,30MM,FRESH D/CORE,GURJAN ,72x30,,
Doors,30MM,FRESH D/CORE,GURJAN ,72x27,,
Doors,30MM,FRESH D/CORE,GURJAN ,72x24,,
Doors,30MM,FRESH D/CORE,OKUME ,84x48,,
Doors,30MM,FRESH D/CORE,OKUME ,84x45,,
Doors,30MM,FRESH D/CORE,OKUME ,84x42,,
Doors,30MM,FRESH D/CORE,OKUME ,84x39,,
Doors,30MM,FRESH D/CORE,OKUME ,84x38,,
Doors,30MM,FRESH D/CORE,OKUME ,84x37,,
Doors,30MM,FRESH D/CORE,OKUME ,84x36,,
Doors,30MM,FRESH D/CORE,OKUME ,84x33,,
Doors,30MM,FRESH D/CORE,OKUME ,84x30,,
Doors,30MM,FRESH D/CORE,OKUME ,84x27,,
Doors,30MM,FRESH D/CORE,OKUME ,84x24,,
Doors,30MM,FRESH D/CORE,OKUME ,81x48,,
Doors,30MM,FRESH D/CORE,OKUME ,81x45,,
Doors,30MM,FRESH D/CORE,OKUME ,81x42,,
Doors,30MM,FRESH D/CORE,OKUME ,81x39,,
Doors,30MM,FRESH D/CORE,OKUME ,81x38,,
Doors,30MM,FRESH D/CORE,OKUME ,81x37,,
Doors,30MM,FRESH D/CORE,OKUME ,81x36,,
Doors,30MM,FRESH D/CORE,OKUME ,81x33,,
Doors,30MM,FRESH D/CORE,OKUME ,81x30,,
Doors,30MM,FRESH D/CORE,OKUME ,81x27,,
Doors,30MM,FRESH D/CORE,OKUME ,81x24,,
Doors,30MM,FRESH D/CORE,OKUME ,78x48,,
Doors,30MM,FRESH D/CORE,OKUME ,78x45,,
Doors,30MM,FRESH D/CORE,OKUME ,78x42,,
Doors,30MM,FRESH D/CORE,OKUME ,78x39,,
Doors,30MM,FRESH D/CORE,OKUME ,78x38,,
Doors,30MM,FRESH D/CORE,OKUME ,78x37,,
Doors,30MM,FRESH D/CORE,OKUME ,78x36,,
Doors,30MM,FRESH D/CORE,OKUME ,78x33,,
Doors,30MM,FRESH D/CORE,OKUME ,78x30,,
Doors,30MM,FRESH D/CORE,OKUME ,78x27,,
Doors,30MM,FRESH D/CORE,OKUME ,78x24,,
Doors,30MM,FRESH D/CORE,OKUME ,75x48,,
Doors,30MM,FRESH D/CORE,OKUME ,75x45,,
Doors,30MM,FRESH D/CORE,OKUME ,75x42,,
Doors,30MM,FRESH D/CORE,OKUME ,75x39,,
Doors,30MM,FRESH D/CORE,OKUME ,75x38,,
Doors,30MM,FRESH D/CORE,OKUME ,75x37,,
Doors,30MM,FRESH D/CORE,OKUME ,75x36,,
Doors,30MM,FRESH D/CORE,OKUME ,75x33,,
Doors,30MM,FRESH D/CORE,OKUME ,75x30,,
Doors,30MM,FRESH D/CORE,OKUME ,75x27,,
Doors,30MM,FRESH D/CORE,OKUME ,75x24,,
Doors,30MM,FRESH D/CORE,OKUME ,72x48,,
Doors,30MM,FRESH D/CORE,OKUME ,72x45,,
Doors,30MM,FRESH D/CORE,OKUME ,72x42,,
Doors,30MM,FRESH D/CORE,OKUME ,72x39,,
Doors,30MM,FRESH D/CORE,OKUME ,72x38,,
Doors,30MM,FRESH D/CORE,OKUME ,72x37,,
Doors,30MM,FRESH D/CORE,OKUME ,72x36,,
Doors,30MM,FRESH D/CORE,OKUME ,72x33,,
Doors,30MM,FRESH D/CORE,OKUME ,72x30,,
Doors,30MM,FRESH D/CORE,OKUME ,72x27,,
Doors,30MM,FRESH D/CORE,OKUME ,72x24,,
Doors,30MM,FRESH Triple core ,Gurjan ,84x48,,
Doors,30MM,FRESH Triple core ,Gurjan ,84x45,,
Doors,30MM,FRESH Triple core ,Gurjan ,84x42,,
Doors,30MM,FRESH Triple core ,Gurjan ,84x39,,
Doors,30MM,FRESH Triple core ,Gurjan ,84x38,,
Doors,30MM,FRESH Triple core ,Gurjan ,84x37,,
Doors,30MM,FRESH Triple core ,Gurjan ,84x36,,
Doors,30MM,FRESH Triple core ,Gurjan ,84x33,,
Doors,30MM,FRESH Triple core ,Gurjan ,84x30,,
Doors,30MM,FRESH Triple core ,Gurjan ,84x27,,
Doors,30MM,FRESH Triple core ,Gurjan ,84x24,,
Doors,30MM,FRESH Triple core ,Gurjan ,81x48,,
Doors,30MM,FRESH Triple core ,Gurjan ,81x45,,
Doors,30MM,FRESH Triple core ,Gurjan ,81x42,,
Doors,30MM,FRESH Triple core ,Gurjan ,81x39,,
Doors,30MM,FRESH Triple core ,Gurjan ,81x38,,
Doors,30MM,FRESH Triple core ,Gurjan ,81x37,,
Doors,30MM,FRESH Triple core ,Gurjan ,81x36,,
Doors,30MM,FRESH Triple core ,Gurjan ,81x33,,
Doors,30MM,FRESH Triple core ,Gurjan ,81x30,,
Doors,30MM,FRESH Triple core ,Gurjan ,81x27,,
Doors,30MM,FRESH Triple core ,Gurjan ,81x24,,
Doors,30MM,FRESH Triple core ,Gurjan ,78x48,,
Doors,30MM,FRESH Triple core ,Gurjan ,78x45,,
Doors,30MM,FRESH Triple core ,Gurjan ,78x42,,
Doors,30MM,FRESH Triple core ,Gurjan ,78x39,,
Doors,30MM,FRESH Triple core ,Gurjan ,78x38,,
Doors,30MM,FRESH Triple core ,Gurjan ,78x37,,
Doors,30MM,FRESH Triple core ,Gurjan ,78x36,,
Doors,30MM,FRESH Triple core ,Gurjan ,78x33,,
Doors,30MM,FRESH Triple core ,Gurjan ,78x30,,
Doors,30MM,FRESH Triple core ,Gurjan ,78x27,,
Doors,30MM,FRESH Triple core ,Gurjan ,78x24,,
Doors,30MM,FRESH Triple core ,Gurjan ,75x48,,
Doors,30MM,FRESH Triple core ,Gurjan ,75x45,,
Doors,30MM,FRESH Triple core ,Gurjan ,75x42,,
Doors,30MM,FRESH Triple core ,Gurjan ,75x39,,
Doors,30MM,FRESH Triple core ,Gurjan ,75x38,,
Doors,30MM,FRESH Triple core ,Gurjan ,75x37,,
Doors,30MM,FRESH Triple core ,Gurjan ,75x36,,
Doors,30MM,FRESH Triple core ,Gurjan ,75x33,,
Doors,30MM,FRESH Triple core ,Gurjan ,75x30,,
Doors,30MM,FRESH Triple core ,Gurjan ,75x27,,
Doors,30MM,FRESH Triple core ,Gurjan ,75x24,,
Doors,30MM,FRESH Triple core ,Gurjan ,72x48,,
Doors,30MM,FRESH Triple core ,Gurjan ,72x45,,
Doors,30MM,FRESH Triple core ,Gurjan ,72x42,,
Doors,30MM,FRESH Triple core ,Gurjan ,72x39,,
Doors,30MM,FRESH Triple core ,Gurjan ,72x38,,
Doors,30MM,FRESH Triple core ,Gurjan ,72x37,,
Doors,30MM,FRESH Triple core ,Gurjan ,72x36,,
Doors,30MM,FRESH Triple core ,Gurjan ,72x33,,
Doors,30MM,FRESH Triple core ,Gurjan ,72x30,,
Doors,30MM,FRESH Triple core ,Gurjan ,72x27,,
Doors,30MM,FRESH Triple core ,Gurjan ,72x24,,
Doors,30MM,FRESH Triple core ,OKUME ,84x48,,
Doors,30MM,FRESH Triple core ,OKUME ,84x45,,
Doors,30MM,FRESH Triple core ,OKUME ,84x42,,
Doors,30MM,FRESH Triple core ,OKUME ,84x39,,
Doors,30MM,FRESH Triple core ,OKUME ,84x38,,
Doors,30MM,FRESH Triple core ,OKUME ,84x37,,
Doors,30MM,FRESH Triple core ,OKUME ,84x36,,
Doors,30MM,FRESH Triple core ,OKUME ,84x33,,
Doors,30MM,FRESH Triple core ,OKUME ,84x30,,
Doors,30MM,FRESH Triple core ,OKUME ,84x27,,
Doors,30MM,FRESH Triple core ,OKUME ,84x24,,
Doors,30MM,FRESH Triple core ,OKUME ,81x48,,
Doors,30MM,FRESH Triple core ,OKUME ,81x45,,
Doors,30MM,FRESH Triple core ,OKUME ,81x42,,
Doors,30MM,FRESH Triple core ,OKUME ,81x39,,
Doors,30MM,FRESH Triple core ,OKUME ,81x38,,
Doors,30MM,FRESH Triple core ,OKUME ,81x37,,
Doors,30MM,FRESH Triple core ,OKUME ,81x36,,
Doors,30MM,FRESH Triple core ,OKUME ,81x33,,
Doors,30MM,FRESH Triple core ,OKUME ,81x30,,
Doors,30MM,FRESH Triple core ,OKUME ,81x27,,
Doors,30MM,FRESH Triple core ,OKUME ,81x24,,
Doors,30MM,FRESH Triple core ,OKUME ,78x48,,
Doors,30MM,FRESH Triple core ,OKUME ,78x45,,
Doors,30MM,FRESH Triple core ,OKUME ,78x42,,
Doors,30MM,FRESH Triple core ,OKUME ,78x39,,
Doors,30MM,FRESH Triple core ,OKUME ,78x38,,
Doors,30MM,FRESH Triple core ,OKUME ,78x37,,
Doors,30MM,FRESH Triple core ,OKUME ,78x36,,
Doors,30MM,FRESH Triple core ,OKUME ,78x33,,
Doors,30MM,FRESH Triple core ,OKUME ,78x30,,
Doors,30MM,FRESH Triple core ,OKUME ,78x27,,
Doors,30MM,FRESH Triple core ,OKUME ,78x24,,
Doors,30MM,FRESH Triple core ,OKUME ,75x48,,
Doors,30MM,FRESH Triple core ,OKUME ,75x45,,
Doors,30MM,FRESH Triple core ,OKUME ,75x42,,
Doors,30MM,FRESH Triple core ,OKUME ,75x39,,
Doors,30MM,FRESH Triple core ,OKUME ,75x38,,
Doors,30MM,FRESH Triple core ,OKUME ,75x37,,
Doors,30MM,FRESH Triple core ,OKUME ,75x36,,
Doors,30MM,FRESH Triple core ,OKUME ,75x33,,
Doors,30MM,FRESH Triple core ,OKUME ,75x30,,
Doors,30MM,FRESH Triple core ,OKUME ,75x27,,
Doors,30MM,FRESH Triple core ,OKUME ,75x24,,
Doors,30MM,FRESH Triple core ,OKUME ,72x48,,
Doors,30MM,FRESH Triple core ,OKUME ,72x45,,
Doors,30MM,FRESH Triple core ,OKUME ,72x42,,
Doors,30MM,FRESH Triple core ,OKUME ,72x39,,
Doors,30MM,FRESH Triple core ,OKUME ,72x38,,
Doors,30MM,FRESH Triple core ,OKUME ,72x37,,
Doors,30MM,FRESH Triple core ,OKUME ,72x36,,
Doors,30MM,FRESH Triple core ,OKUME ,72x33,,
Doors,30MM,FRESH Triple core ,OKUME ,72x30,,
Doors,30MM,FRESH Triple core ,OKUME ,72x27,,
Doors,30MM,FRESH Triple core ,OKUME ,72x24,,
Doors,30MM,Jabra ,OKUME ,84x48,,
Doors,30MM,Jabra ,OKUME ,84x45,,
Doors,30MM,Jabra ,OKUME ,84x42,,
Doors,30MM,Jabra ,OKUME ,84x39,,
Doors,30MM,Jabra ,OKUME ,84x38,,
Doors,30MM,Jabra ,OKUME ,84x37,,
Doors,30MM,Jabra ,OKUME ,84x36,,
Doors,30MM,Jabra ,OKUME ,84x33,,
Doors,30MM,Jabra ,OKUME ,84x30,,
Doors,30MM,Jabra ,OKUME ,84x27,,
Doors,30MM,Jabra ,OKUME ,84x24,,
Doors,30MM,Jabra ,OKUME ,81x48,,
Doors,30MM,Jabra ,OKUME ,81x45,,
Doors,30MM,Jabra ,OKUME ,81x42,,
Doors,30MM,Jabra ,OKUME ,81x39,,
Doors,30MM,Jabra ,OKUME ,81x38,,
Doors,30MM,Jabra ,OKUME ,81x37,,
Doors,30MM,Jabra ,OKUME ,81x36,,
Doors,30MM,Jabra ,OKUME ,81x33,,
Doors,30MM,Jabra ,OKUME ,81x30,,
Doors,30MM,Jabra ,OKUME ,81x27,,
Doors,30MM,Jabra ,OKUME ,81x24,,
Doors,30MM,Jabra ,OKUME ,78x48,,
Doors,30MM,Jabra ,OKUME ,78x45,,
Doors,30MM,Jabra ,OKUME ,78x42,,
Doors,30MM,Jabra ,OKUME ,78x39,,
Doors,30MM,Jabra ,OKUME ,78x38,,
Doors,30MM,Jabra ,OKUME ,78x37,,
Doors,30MM,Jabra ,OKUME ,78x36,,
Doors,30MM,Jabra ,OKUME ,78x33,,
Doors,30MM,Jabra ,OKUME ,78x30,,
Doors,30MM,Jabra ,OKUME ,78x27,,
Doors,30MM,Jabra ,OKUME ,78x24,,
Doors,30MM,Jabra ,OKUME ,75x48,,
Doors,30MM,Jabra ,OKUME ,75x45,,
Doors,30MM,Jabra ,OKUME ,75x42,,
Doors,30MM,Jabra ,OKUME ,75x39,,
Doors,30MM,Jabra ,OKUME ,75x38,,
Doors,30MM,Jabra ,OKUME ,75x37,,
Doors,30MM,Jabra ,OKUME ,75x36,,
Doors,30MM,Jabra ,OKUME ,75x33,,
Doors,30MM,Jabra ,OKUME ,75x30,,
Doors,30MM,Jabra ,OKUME ,75x27,,
Doors,30MM,Jabra ,OKUME ,75x24,,
Doors,30MM,Jabra ,OKUME ,72x48,,
Doors,30MM,Jabra ,OKUME ,72x45,,
Doors,30MM,Jabra ,OKUME ,72x42,,
Doors,30MM,Jabra ,OKUME ,72x39,,
Doors,30MM,Jabra ,OKUME ,72x38,,
Doors,30MM,Jabra ,OKUME ,72x37,,
Doors,30MM,Jabra ,OKUME ,72x36,,
Doors,30MM,Jabra ,OKUME ,72x33,,
Doors,30MM,Jabra ,OKUME ,72x30,,
Doors,30MM,Jabra ,OKUME ,72x27,,
Doors,30MM,Jabra ,OKUME ,72x24,,
Doors,25mm ,FRESH Door ,Gurjan,84x48,,
Doors,25mm ,FRESH Door ,Gurjan,84x45,,
Doors,25mm ,FRESH Door ,Gurjan,84x42,,
Doors,25mm ,FRESH Door ,Gurjan,84x39,,
Doors,25mm ,FRESH Door ,Gurjan,84x38,,
Doors,25mm ,FRESH Door ,Gurjan,84x37,,
Doors,25mm ,FRESH Door ,Gurjan,84x36,,
Doors,25mm ,FRESH Door ,Gurjan,84x33,,
Doors,25mm ,FRESH Door ,Gurjan,84x30,,
Doors,25mm ,FRESH Door ,Gurjan,84x27,,
Doors,25mm ,FRESH Door ,Gurjan,84x24,,
Doors,25mm ,FRESH Door ,Gurjan,81x48,,
Doors,25mm ,FRESH Door ,Gurjan,81x45,,
Doors,25mm ,FRESH Door ,Gurjan,81x42,,
Doors,25mm ,FRESH Door ,Gurjan,81x39,,
Doors,25mm ,FRESH Door ,Gurjan,81x38,,
Doors,25mm ,FRESH Door ,Gurjan,81x37,,
Doors,25mm ,FRESH Door ,Gurjan,81x36,,
Doors,25mm ,FRESH Door ,Gurjan,81x33,,
Doors,25mm ,FRESH Door ,Gurjan,81x30,,
Doors,25mm ,FRESH Door ,Gurjan,81x27,,
Doors,25mm ,FRESH Door ,Gurjan,81x24,,
Doors,25mm ,FRESH Door ,Gurjan,78x48,,
Doors,25mm ,FRESH Door ,Gurjan,78x45,,
Doors,25mm ,FRESH Door ,Gurjan,78x42,,
Doors,25mm ,FRESH Door ,Gurjan,78x39,,
Doors,25mm ,FRESH Door ,Gurjan,78x38,,
Doors,25mm ,FRESH Door ,Gurjan,78x37,,
Doors,25mm ,FRESH Door ,Gurjan,78x36,,
Doors,25mm ,FRESH Door ,Gurjan,78x33,,
Doors,25mm ,FRESH Door ,Gurjan,78x30,,
Doors,25mm ,FRESH Door ,Gurjan,78x27,,
Doors,25mm ,FRESH Door ,Gurjan,78x24,,
Doors,25mm ,FRESH Door ,Gurjan,75x48,,
Doors,25mm ,FRESH Door ,Gurjan,75x45,,
Doors,25mm ,FRESH Door ,Gurjan,75x42,,
Doors,25mm ,FRESH Door ,Gurjan,75x39,,
Doors,25mm ,FRESH Door ,Gurjan,75x38,,
Doors,25mm ,FRESH Door ,Gurjan,75x37,,
Doors,25mm ,FRESH Door ,Gurjan,75x36,,
Doors,25mm ,FRESH Door ,Gurjan,75x33,,
Doors,25mm ,FRESH Door ,Gurjan,75x30,,
Doors,25mm ,FRESH Door ,Gurjan,75x27,,
Doors,25mm ,FRESH Door ,Gurjan,75x24,,
Doors,25mm ,FRESH Door ,Gurjan,72x48,,
Doors,25mm ,FRESH Door ,Gurjan,72x45,,
Doors,25mm ,FRESH Door ,Gurjan,72x42,,
Doors,25mm ,FRESH Door ,Gurjan,72x39,,
Doors,25mm ,FRESH Door ,Gurjan,72x38,,
Doors,25mm ,FRESH Door ,Gurjan,72x37,,
Doors,25mm ,FRESH Door ,Gurjan,72x36,,
Doors,25mm ,FRESH Door ,Gurjan,72x33,,
Doors,25mm ,FRESH Door ,Gurjan,72x30,,
Doors,25mm ,FRESH Door ,Gurjan,72x27,,
Doors,25mm ,FRESH Door ,Gurjan,72x24,,
Doors,25mm ,Jabra Door,Gurjan/okume ,84x48,,
Doors,25mm ,Jabra Door,Gurjan/okume ,84x45,,
Doors,25mm ,Jabra Door,Gurjan/okume ,84x42,,
Doors,25mm ,Jabra Door,Gurjan/okume ,84x39,,
Doors,25mm ,Jabra Door,Gurjan/okume ,84x38,,
Doors,25mm ,Jabra Door,Gurjan/okume ,84x37,,
Doors,25mm ,Jabra Door,Gurjan/okume ,84x36,,
Doors,25mm ,Jabra Door,Gurjan/okume ,84x33,,
Doors,25mm ,Jabra Door,Gurjan/okume ,84x30,,
Doors,25mm ,Jabra Door,Gurjan/okume ,84x27,,
Doors,25mm ,Jabra Door,Gurjan/okume ,84x24,,
Doors,25mm ,Jabra Door,Gurjan/okume ,81x48,,
Doors,25mm ,Jabra Door,Gurjan/okume ,81x45,,
Doors,25mm ,Jabra Door,Gurjan/okume ,81x42,,
Doors,25mm ,Jabra Door,Gurjan/okume ,81x39,,
Doors,25mm ,Jabra Door,Gurjan/okume ,81x38,,
Doors,25mm ,Jabra Door,Gurjan/okume ,81x37,,
Doors,25mm ,Jabra Door,Gurjan/okume ,81x36,,
Doors,25mm ,Jabra Door,Gurjan/okume ,81x33,,
Doors,25mm ,Jabra Door,Gurjan/okume ,81x30,,
Doors,25mm ,Jabra Door,Gurjan/okume ,81x27,,
Doors,25mm ,Jabra Door,Gurjan/okume ,81x24,,
Doors,25mm ,Jabra Door,Gurjan/okume ,78x48,,
Doors,25mm ,Jabra Door,Gurjan/okume ,78x45,,
Doors,25mm ,Jabra Door,Gurjan/okume ,78x42,,
Doors,25mm ,Jabra Door,Gurjan/okume ,78x39,,
Doors,25mm ,Jabra Door,Gurjan/okume ,78x38,,
Doors,25mm ,Jabra Door,Gurjan/okume ,78x37,,
Doors,25mm ,Jabra Door,Gurjan/okume ,78x36,,
Doors,25mm ,Jabra Door,Gurjan/okume ,78x33,,
Doors,25mm ,Jabra Door,Gurjan/okume ,78x30,,
Doors,25mm ,Jabra Door,Gurjan/okume ,78x27,,
Doors,25mm ,Jabra Door,Gurjan/okume ,78x24,,
Doors,25mm ,Jabra Door,Gurjan/okume ,75x48,,
Doors,25mm ,Jabra Door,Gurjan/okume ,75x45,,
Doors,25mm ,Jabra Door,Gurjan/okume ,75x42,,
Doors,25mm ,Jabra Door,Gurjan/okume ,75x39,,
Doors,25mm ,Jabra Door,Gurjan/okume ,75x38,,
Doors,25mm ,Jabra Door,Gurjan/okume ,75x37,,
Doors,25mm ,Jabra Door,Gurjan/okume ,75x36,,
Doors,25mm ,Jabra Door,Gurjan/okume ,75x33,,
Doors,25mm ,Jabra Door,Gurjan/okume ,75x30,,
Doors,25mm ,Jabra Door,Gurjan/okume ,75x27,,
Doors,25mm ,Jabra Door,Gurjan/okume ,75x24,,
Doors,25mm ,Jabra Door,Gurjan/okume ,72x48,,
Doors,25mm ,Jabra Door,Gurjan/okume ,72x45,,
Doors,25mm ,Jabra Door,Gurjan/okume ,72x42,,
Doors,25mm ,Jabra Door,Gurjan/okume ,72x39,,
Doors,25mm ,Jabra Door,Gurjan/okume ,72x38,,
Doors,25mm ,Jabra Door,Gurjan/okume ,72x37,,
Doors,25mm ,Jabra Door,Gurjan/okume ,72x36,,
Doors,25mm ,Jabra Door,Gurjan/okume ,72x33,,
Doors,25mm ,Jabra Door,Gurjan/okume ,72x30,,
Doors,25mm ,Jabra Door,Gurjan/okume ,72x27,,
Doors,25mm ,Jabra Door,Gurjan/okume ,72x24,,
Boards,19MM ,PF FULL PINE ,GUJAN ,8x4,,
Boards,19MM ,PF FULL PINE ,GUJAN ,8x3,,
Boards,19MM ,PF FULL PINE ,GUJAN ,7x4,,
Boards,19MM ,PF FULL PINE ,GUJAN ,7x3,,
Boards,19MM ,PF FULL PINE ,GUJAN ,6x4,,
Boards,19MM ,PF FULL PINE ,GUJAN ,6x3,,
Boards,19MM,MR FULL PINE ,GUJAN ,8x4,,
Boards,19MM,MR FULL PINE ,GUJAN ,8x3,,
Boards,19MM,MR FULL PINE ,GUJAN ,7x4,,
Boards,19MM,MR FULL PINE ,GUJAN ,7x3,,
Boards,19MM,MR FULL PINE ,GUJAN ,6x4,,
Boards,19MM,MR FULL PINE ,GUJAN ,6x3,,
Boards,19MM,PF 2.5MM PINE FRAME MIXWOOD ,GUJAN ,8x4,,
Boards,19MM,PF 2.5MM PINE FRAME MIXWOOD ,GUJAN ,8x3,,
Boards,19MM,PF 2.5MM PINE FRAME MIXWOOD ,GUJAN ,7x4,,
Boards,19MM,PF 2.5MM PINE FRAME MIXWOOD ,GUJAN ,7x3,,
Boards,19MM,PF 2.5MM PINE FRAME MIXWOOD ,GUJAN ,6x4,,
Boards,19MM,PF 2.5MM PINE FRAME MIXWOOD ,GUJAN ,6x3,,
Boards,19MM,MR 2.5MM PINE FRAME MIXWOOD ,GUJAN ,8x4,,
Boards,19MM,MR 2.5MM PINE FRAME MIXWOOD ,GUJAN ,8x3,,
Boards,19MM,MR 2.5MM PINE FRAME MIXWOOD ,GUJAN ,7x4,,
Boards,19MM,MR 2.5MM PINE FRAME MIXWOOD ,GUJAN ,7x3,,
Boards,19MM,MR 2.5MM PINE FRAME MIXWOOD ,GUJAN ,6x4,,
Boards,19MM,MR 2.5MM PINE FRAME MIXWOOD ,GUJAN ,6x3,,
Boards,19MM,MR 2.5MM PINE FRAME MIXWOOD ,OKUME,8x4,,
Boards,19MM,MR 2.5MM PINE FRAME MIXWOOD ,OKUME,8x3,,
Boards,19MM,MR 2.5MM PINE FRAME MIXWOOD ,OKUME,7x4,,
Boards,19MM,MR 2.5MM PINE FRAME MIXWOOD ,OKUME,7x3,,
Boards,19MM,MR 2.5MM PINE FRAME MIXWOOD ,OKUME,6x4,,
Boards,19MM,MR 2.5MM PINE FRAME MIXWOOD ,OKUME,6x3,,
Boards,19MM,MR 1.6MM MIXWOOD ,OKUME,8x4,,
Boards,19MM,MR 1.6MM MIXWOOD ,OKUME,8x3,,
Boards,19MM,MR 1.6MM MIXWOOD ,OKUME,7x4,,
Boards,19MM,MR 1.6MM MIXWOOD ,OKUME,7x3,,
Boards,19MM,MR 1.6MM MIXWOOD ,OKUME,6x4,,
Boards,19MM,MR 1.6MM MIXWOOD ,OKUME,6x3,,
Boards,19MM,MR 1.6MM MIXWOOD ,GUJAN ,8x4,,
Boards,19MM,MR 1.6MM MIXWOOD ,GUJAN ,8x3,,
Boards,19MM,MR 1.6MM MIXWOOD ,GUJAN ,7x4,,
Boards,19MM,MR 1.6MM MIXWOOD ,GUJAN ,7x3,,
Boards,19MM,MR 1.6MM MIXWOOD ,GUJAN ,6x4,,
Boards,19MM,MR 1.6MM MIXWOOD ,GUJAN ,6x3,,
Boards,19MM,JABRA Board ,Gurjan/okume ,8x4,,
Boards,19MM,JABRA Board ,Gurjan/okume ,8x3,,
Boards,19MM,JABRA Board ,Gurjan/okume ,7x4,,
Boards,19MM,JABRA Board ,Gurjan/okume ,7x3,,
Boards,19MM,JABRA Board ,Gurjan/okume ,6x4,,
Boards,19MM,JABRA Board ,Gurjan/okume ,6x3,,
Plywood,18mm,PF  RED PLY,GURJAN ,8x4,,
Plywood,18mm,PF  RED PLY,GURJAN ,8x3,,
Plywood,18mm,PF  RED PLY,GURJAN ,7x4,,
Plywood,18mm,PF  RED PLY,GURJAN ,7x3,,
Plywood,18mm,PF  RED PLY,GURJAN ,6x4,,
Plywood,18mm,PF  RED PLY,GURJAN ,6x3,,
Plywood,16mm,PF  RED PLY,GURJAN ,8x4,,
Plywood,16mm,PF  RED PLY,GURJAN ,8x3,,
Plywood,16mm,PF  RED PLY,GURJAN ,7x4,,
Plywood,16mm,PF  RED PLY,GURJAN ,7x3,,
Plywood,16mm,PF  RED PLY,GURJAN ,6x4,,
Plywood,16mm,PF  RED PLY,GURJAN ,6x3,,
Plywood,12mm,PF  RED PLY,GURJAN ,8x4,,
Plywood,12mm,PF  RED PLY,GURJAN ,8x3,,
Plywood,12mm,PF  RED PLY,GURJAN ,7x4,,
Plywood,12mm,PF  RED PLY,GURJAN ,7x3,,
Plywood,12mm,PF  RED PLY,GURJAN ,6x4,,
Plywood,12mm,PF  RED PLY,GURJAN ,6x3,,
Plywood,9mm,PF  RED PLY,GURJAN ,8x4,,
Plywood,9mm,PF  RED PLY,GURJAN ,8x3,,
Plywood,9mm,PF  RED PLY,GURJAN ,7x4,,
Plywood,9mm,PF  RED PLY,GURJAN ,7x3,,
Plywood,9mm,PF  RED PLY,GURJAN ,6x4,,
Plywood,9mm,PF  RED PLY,GURJAN ,6x3,,
Plywood,6mm,PF  RED PLY,GURJAN ,8x4,,
Plywood,6mm,PF  RED PLY,GURJAN ,8x3,,
Plywood,6mm,PF  RED PLY,GURJAN ,7x4,,
Plywood,6mm,PF  RED PLY,GURJAN ,7x3,,
Plywood,6mm,PF  RED PLY,GURJAN ,6x4,,
Plywood,6mm,PF  RED PLY,GURJAN ,6x3,,
Plywood,18mm,MR RED PLY ,GURJAN ,8x4,,
Plywood,18mm,MR RED PLY ,GURJAN ,8x3,,
Plywood,18mm,MR RED PLY ,GURJAN ,7x4,,
Plywood,18mm,MR RED PLY ,GURJAN ,7x3,,
Plywood,18mm,MR RED PLY ,GURJAN ,6x4,,
Plywood,18mm,MR RED PLY ,GURJAN ,6x3,,
Plywood,16mm,MR RED PLY ,GURJAN ,8x4,,
Plywood,16mm,MR RED PLY ,GURJAN ,8x3,,
Plywood,16mm,MR RED PLY ,GURJAN ,7x4,,
Plywood,16mm,MR RED PLY ,GURJAN ,7x3,,
Plywood,16mm,MR RED PLY ,GURJAN ,6x4,,
Plywood,16mm,MR RED PLY ,GURJAN ,6x3,,
Plywood,12mm,MR RED PLY ,GURJAN ,8x4,,
Plywood,12mm,MR RED PLY ,GURJAN ,8x3,,
Plywood,12mm,MR RED PLY ,GURJAN ,7x4,,
Plywood,12mm,MR RED PLY ,GURJAN ,7x3,,
Plywood,12mm,MR RED PLY ,GURJAN ,6x4,,
Plywood,12mm,MR RED PLY ,GURJAN ,6x3,,
Plywood,9mm,MR RED PLY ,GURJAN ,8x4,,
Plywood,9mm,MR RED PLY ,GURJAN ,8x3,,
Plywood,9mm,MR RED PLY ,GURJAN ,7x4,,
Plywood,9mm,MR RED PLY ,GURJAN ,7x3,,
Plywood,9mm,MR RED PLY ,GURJAN ,6x4,,
Plywood,9mm,MR RED PLY ,GURJAN ,6x3,,
Plywood,6mm,MR RED PLY ,GURJAN ,8x4,,
Plywood,6mm,MR RED PLY ,GURJAN ,8x3,,
Plywood,6mm,MR RED PLY ,GURJAN ,7x4,,
Plywood,6mm,MR RED PLY ,GURJAN ,7x3,,
Plywood,6mm,MR RED PLY ,GURJAN ,6x4,,
Plywood,6mm,MR RED PLY ,GURJAN ,6x3,,
Plywood,18mm,Alternate PF Ply,GURJAN ,8x4,,
Plywood,18mm,Alternate PF PLY,GURJAN ,8x3,,
Plywood,18mm,Alternate PF PLY,GURJAN ,7x4,,
Plywood,18mm,Alternate PF PLY,GURJAN ,7x3,,
Plywood,18mm,Alternate PF PLY,GURJAN ,6x4,,
Plywood,18mm,Alternate PF PLY,GURJAN ,6x3,,
Plywood,16mm,Alternate PF PLY,GURJAN ,8x4,,
Plywood,16mm,Alternate PF PLY,GURJAN ,8x3,,
Plywood,16mm,Alternate PF PLY,GURJAN ,7x4,,
Plywood,16mm,Alternate PF PLY,GURJAN ,7x3,,
Plywood,16mm,Alternate PF PLY,GURJAN ,6x4,,
Plywood,16mm,Alternate PF PLY,GURJAN ,6x3,,
Plywood,12mm,Alternate PF PLY,GURJAN ,8x4,,
Plywood,12mm,Alternate PF PLY,GURJAN ,8x3,,
Plywood,12mm,Alternate PF PLY,GURJAN ,7x4,,
Plywood,12mm,Alternate PF PLY,GURJAN ,7x3,,
Plywood,12mm,Alternate PF PLY,GURJAN ,6x4,,
Plywood,12mm,Alternate PF PLY,GURJAN ,6x3,,
Plywood,9mm,Alternate PF PLY,GURJAN ,8x4,,
Plywood,9mm,Alternate PF PLY,GURJAN ,8x3,,
Plywood,9mm,Alternate PF PLY,GURJAN ,7x4,,
Plywood,9mm,Alternate PF PLY,GURJAN ,7x3,,
Plywood,9mm,Alternate PF PLY,GURJAN ,6x4,,
Plywood,9mm,Alternate PF PLY,GURJAN ,6x3,,
Plywood,6mm,Alternate PF PLY,GURJAN ,8x4,,
Plywood,6mm,Alternate PF PLY,GURJAN ,8x3,,
Plywood,6mm,Alternate PF PLY,GURJAN ,7x4,,
Plywood,6mm,Alternate PF PLY,GURJAN ,7x3,,
Plywood,6mm,Alternate PF PLY,GURJAN ,6x4,,
Plywood,6mm,Alternate PF PLY,GURJAN ,6x3,,
Plywood,18mm,Alternate MR PLY,GURJAN ,8x4,,
Plywood,18mm,Alternate MR PLY,GURJAN ,8x3,,
Plywood,18mm,Alternate MR PLY,GURJAN ,7x4,,
Plywood,18mm,Alternate MR PLY,GURJAN ,7x3,,
Plywood,18mm,Alternate MR PLY,GURJAN ,6x4,,
Plywood,18mm,Alternate MR PLY,GURJAN ,6x3,,
Plywood,16mm,Alternate MR PLY,GURJAN ,8x4,,
Plywood,16mm,Alternate MR PLY,GURJAN ,8x3,,
Plywood,16mm,Alternate MR PLY,GURJAN ,7x4,,
Plywood,16mm,Alternate MR PLY,GURJAN ,7x3,,
Plywood,16mm,Alternate MR PLY,GURJAN ,6x4,,
Plywood,16mm,Alternate MR PLY,GURJAN ,6x3,,
Plywood,12mm,Alternate MR PLY,GURJAN ,8x4,,
Plywood,12mm,Alternate MR PLY,GURJAN ,8x3,,
Plywood,12mm,Alternate MR PLY,GURJAN ,7x4,,
Plywood,12mm,Alternate MR PLY,GURJAN ,7x3,,
Plywood,12mm,Alternate MR PLY,GURJAN ,6x4,,
Plywood,12mm,Alternate MR PLY,GURJAN ,6x3,,
Plywood,9mm,Alternate MR PLY,GURJAN ,8x4,,
Plywood,9mm,Alternate MR PLY,GURJAN ,8x3,,
Plywood,9mm,Alternate MR PLY,GURJAN ,7x4,,
Plywood,9mm,Alternate MR PLY,GURJAN ,7x3,,
Plywood,9mm,Alternate MR PLY,GURJAN ,6x4,,
Plywood,9mm,Alternate MR PLY,GURJAN ,6x3,,
Plywood,6mm,Alternate MR PLY,GURJAN ,8x4,,
Plywood,6mm,Alternate MR PLY,GURJAN ,8x3,,
Plywood,6mm,Alternate MR PLY,GURJAN ,7x4,,
Plywood,6mm,Alternate MR PLY,GURJAN ,7x3,,
Plywood,6mm,Alternate MR PLY,GURJAN ,6x4,,
Plywood,6mm,Alternate MR PLY,GURJAN ,6x3,,
Plywood,18mm,GENRAL MR ,GURJAN ,8x4,,
Plywood,18mm,GENRAL MR ,GURJAN ,8x3,,
Plywood,18mm,GENRAL MR ,GURJAN ,7x4,,
Plywood,18mm,GENRAL MR ,GURJAN ,7x3,,
Plywood,18mm,GENRAL MR ,GURJAN ,6x4,,
Plywood,18mm,GENRAL MR ,GURJAN ,6x3,,
Plywood,16mm,GENRAL MR ,GURJAN ,8x4,,
Plywood,16mm,GENRAL MR ,GURJAN ,8x3,,
Plywood,16mm,GENRAL MR ,GURJAN ,7x4,,
Plywood,16mm,GENRAL MR ,GURJAN ,7x3,,
Plywood,16mm,GENRAL MR ,GURJAN ,6x4,,
Plywood,16mm,GENRAL MR ,GURJAN ,6x3,,
Plywood,12mm,GENRAL MR ,GURJAN ,8x4,,
Plywood,12mm,GENRAL MR ,GURJAN ,8x3,,
Plywood,12mm,GENRAL MR ,GURJAN ,7x4,,
Plywood,12mm,GENRAL MR ,GURJAN ,7x3,,
Plywood,12mm,GENRAL MR ,GURJAN ,6x4,,
Plywood,12mm,GENRAL MR ,GURJAN ,6x3,,
Plywood,9mm,GENRAL MR ,GURJAN ,8x4,,
Plywood,9mm,GENRAL MR ,GURJAN ,8x3,,
Plywood,9mm,GENRAL MR ,GURJAN ,7x4,,
Plywood,9mm,GENRAL MR ,GURJAN ,7x3,,
Plywood,9mm,GENRAL MR ,GURJAN ,6x4,,
Plywood,9mm,GENRAL MR ,GURJAN ,6x3,,
Plywood,6mm,GENRAL MR ,GURJAN ,8x4,,
Plywood,6mm,GENRAL MR ,GURJAN ,8x3,,
Plywood,6mm,GENRAL MR ,GURJAN ,7x4,,
Plywood,6mm,GENRAL MR ,GURJAN ,7x3,,
Plywood,6mm,GENRAL MR ,GURJAN ,6x4,,
Plywood,6mm,GENRAL MR ,GURJAN ,6x3,,
Plywood,18mm,GENRAL MR ,OKUME ,8x4,,
Plywood,18mm,GENRAL MR ,OKUME ,8x3,,
Plywood,18mm,GENRAL MR ,OKUME ,7x4,,
Plywood,18mm,GENRAL MR ,OKUME ,7x3,,
Plywood,18mm,GENRAL MR ,OKUME ,6x4,,
Plywood,18mm,GENRAL MR ,OKUME ,6x3,,
Plywood,16mm,GENRAL MR ,OKUME ,8x4,,
Plywood,16mm,GENRAL MR ,OKUME ,8x3,,
Plywood,16mm,GENRAL MR ,OKUME ,7x4,,
Plywood,16mm,GENRAL MR ,OKUME ,7x3,,
Plywood,16mm,GENRAL MR ,OKUME ,6x4,,
Plywood,16mm,GENRAL MR ,OKUME ,6x3,,
Plywood,12mm,GENRAL MR ,OKUME ,8x4,,
Plywood,12mm,GENRAL MR ,OKUME ,8x3,,
Plywood,12mm,GENRAL MR ,OKUME ,7x4,,
Plywood,12mm,GENRAL MR ,OKUME ,7x3,,
Plywood,12mm,GENRAL MR ,OKUME ,6x4,,
Plywood,12mm,GENRAL MR ,OKUME ,6x3,,
Plywood,9mm,GENRAL MR ,OKUME ,8x4,,
Plywood,9mm,GENRAL MR ,OKUME ,8x3,,
Plywood,9mm,GENRAL MR ,OKUME ,7x4,,
Plywood,9mm,GENRAL MR ,OKUME ,7x3,,
Plywood,9mm,GENRAL MR ,OKUME ,6x4,,
Plywood,9mm,GENRAL MR ,OKUME ,6x3,,
Plywood,6mm,GENRAL MR ,OKUME ,8x4,,
Plywood,6mm,GENRAL MR ,OKUME ,8x3,,
Plywood,6mm,GENRAL MR ,OKUME ,7x4,,
Plywood,6mm,GENRAL MR ,OKUME ,7x3,,
Plywood,6mm,GENRAL MR ,OKUME ,6x4,,
Plywood,6mm,GENRAL MR ,OKUME ,6x3,,
Plywood,18mm,COMMERCIAL PLY ,OKUME ,8x4,,
Plywood,18mm,COMMERCIAL PLY ,OKUME ,8x3,,
Plywood,18mm,COMMERCIAL PLY ,OKUME ,7x4,,
Plywood,18mm,COMMERCIAL PLY ,OKUME ,7x3,,
Plywood,18mm,COMMERCIAL PLY ,OKUME ,6x4,,
Plywood,18mm,COMMERCIAL PLY ,OKUME ,6x3,,
Plywood,16mm,COMMERCIAL PLY ,OKUME ,8x4,,
Plywood,16mm,COMMERCIAL PLY ,OKUME ,8x3,,
Plywood,16mm,COMMERCIAL PLY ,OKUME ,7x4,,
Plywood,16mm,COMMERCIAL PLY ,OKUME ,7x3,,
Plywood,16mm,COMMERCIAL PLY ,OKUME ,6x4,,
Plywood,16mm,COMMERCIAL PLY ,OKUME ,6x3,,
Plywood,12mm,COMMERCIAL PLY ,OKUME ,8x4,,
Plywood,12mm,COMMERCIAL PLY ,OKUME ,8x3,,
Plywood,12mm,COMMERCIAL PLY ,OKUME ,7x4,,
Plywood,12mm,COMMERCIAL PLY ,OKUME ,7x3,,
Plywood,12mm,COMMERCIAL PLY ,OKUME ,6x4,,
Plywood,12mm,COMMERCIAL PLY ,OKUME ,6x3,,
Plywood,9mm,COMMERCIAL PLY ,OKUME ,8x4,,
Plywood,9mm,COMMERCIAL PLY ,OKUME ,8x3,,
Plywood,9mm,COMMERCIAL PLY ,OKUME ,7x4,,
Plywood,9mm,COMMERCIAL PLY ,OKUME ,7x3,,
Plywood,9mm,COMMERCIAL PLY ,OKUME ,6x4,,
Plywood,9mm,COMMERCIAL PLY ,OKUME ,6x3,,
Plywood,6mm,COMMERCIAL PLY ,OKUME ,8x4,,
Plywood,6mm,COMMERCIAL PLY ,OKUME ,8x3,,
Plywood,6mm,COMMERCIAL PLY ,OKUME ,7x4,,
Plywood,6mm,COMMERCIAL PLY ,OKUME ,7x3,,
Plywood,6mm,COMMERCIAL PLY ,OKUME ,6x4,,
Plywood,6mm,COMMERCIAL PLY ,OKUME ,6x3,,
Shuttering Plywood,25kg ,MR ,Emperor,6x4,,
Shuttering Plywood,25kg ,MR ,Siphai,6x4,,
Shuttering Plywood,25kg ,MR ,Woodrick,6x4,,
Shuttering Plywood,25kg ,MR ,Dollorbird,6x4,,
Shuttering Plywood,25kg ,MR ,Ballet,6x4,,
Shuttering Plywood,25kg ,MR ,Laxmi Power,6x4,,
Shuttering Plywood,25kg ,MR ,Black Marble,6x4,,
Shuttering Plywood,25kg ,MR ,Concrete Royal,6x4,,
Shuttering Plywood,25kg ,MR ,WoodNex,6x4,,
Shuttering Plywood,25kg ,MR ,Gorkha Shakti,6x4,,
Shuttering Plywood,25kg ,MR ,Residency,6x4,,
Shuttering Plywood,25kg ,MR ,Emperor,8x4,,
Shuttering Plywood,25kg ,MR ,Siphai,8x4,,
Shuttering Plywood,25kg ,MR ,Woodrick,8x4,,
Shuttering Plywood,25kg ,MR ,Dollorbird,8x4,,
Shuttering Plywood,25kg ,MR ,Ballet,8x4,,
Shuttering Plywood,25kg ,MR ,Laxmi Power,8x4,,
Shuttering Plywood,25kg ,MR ,Black Marble,8x4,,
Shuttering Plywood,25kg ,MR ,Concrete Royal,8x4,,
Shuttering Plywood,25kg ,MR ,WoodNex,8x4,,
Shuttering Plywood,25kg ,MR ,Gorkha Shakti,8x4,,
Shuttering Plywood,25kg ,MR ,Residency,8x4,,
Shuttering Plywood,25kg ,PF,Residency,6x4,,
Shuttering Plywood,25kg ,PF,Aancor Black,6x4,,
Shuttering Plywood,25kg ,PF,GPI BLACK,6x4,,
Shuttering Plywood,25kg ,PF,Arnica,6x4,,
Shuttering Plywood,25kg ,PF,Aancor,6x4,,
Shuttering Plywood,25kg ,PF,Black Marble,6x4,,
Shuttering Plywood,25kg ,PF,BMC (Black),6x4,,
Shuttering Plywood,25kg ,PF,Balwan,6x4,,
Shuttering Plywood,25kg ,PF,Dollorbird,6x4,,
Shuttering Plywood,25kg ,PF,Laxmi Power,6x4,,
Shuttering Plywood,25kg ,PF,Redmagic,6x4,,
Shuttering Plywood,25kg ,PF,Residency Black,6x4,,
Shuttering Plywood,25kg ,PF,Residency,8x4,,
Shuttering Plywood,25kg ,PF,Aancor Black,8x4,,
Shuttering Plywood,25kg ,PF,GPI BLACK,8x4,,
Shuttering Plywood,25kg ,PF,Arnica,8x4,,
Shuttering Plywood,25kg ,PF,Aancor,8x4,,
Shuttering Plywood,25kg ,PF,Black Marble,8x4,,
Shuttering Plywood,25kg ,PF,BMC (Black),8x4,,
Shuttering Plywood,25kg ,PF,Balwan,8x4,,
Shuttering Plywood,25kg ,PF,Dollorbird,8x4,,
Shuttering Plywood,25kg ,PF,Laxmi Power,8x4,,
Shuttering Plywood,25kg ,PF,Redmagic,8x4,,
Shuttering Plywood,25kg ,PF,Residency Black,8x4,,
Shuttering Plywood,30kg ,MR ,Emperor,6x4,,
Shuttering Plywood,30kg ,MR ,Siphai,6x4,,
Shuttering Plywood,30kg ,MR ,Woodrick,6x4,,
Shuttering Plywood,30kg ,MR ,Dollorbird,6x4,,
Shuttering Plywood,30kg ,MR ,Ballet,6x4,,
Shuttering Plywood,30kg ,MR ,Laxmi Power,6x4,,
Shuttering Plywood,30kg ,MR ,Black Marble,6x4,,
Shuttering Plywood,30kg ,MR ,Concrete Royal,6x4,,
Shuttering Plywood,30kg ,MR ,WoodNex,6x4,,
Shuttering Plywood,30kg ,MR ,Gorkha Shakti,6x4,,
Shuttering Plywood,30kg ,MR ,Residency,6x4,,
Shuttering Plywood,30kg ,MR ,Emperor,8x4,,
Shuttering Plywood,30kg ,MR ,Siphai,8x4,,
Shuttering Plywood,30kg ,MR ,Woodrick,8x4,,
Shuttering Plywood,30kg ,MR ,Dollorbird,8x4,,
Shuttering Plywood,30kg ,MR ,Ballet,8x4,,
Shuttering Plywood,30kg ,MR ,Laxmi Power,8x4,,
Shuttering Plywood,30kg ,MR ,Black Marble,8x4,,
Shuttering Plywood,30kg ,MR ,Concrete Royal,8x4,,
Shuttering Plywood,30kg ,MR ,WoodNex,8x4,,
Shuttering Plywood,30kg ,MR ,Gorkha Shakti,8x4,,
Shuttering Plywood,30kg ,MR ,Residency,8x4,,
Shuttering Plywood,30kg ,PF,Residency,6x4,,
Shuttering Plywood,30kg ,PF,Aancor Black,6x4,,
Shuttering Plywood,30kg ,PF,GPI BLACK,6x4,,
Shuttering Plywood,30kg ,PF,Arnica,6x4,,
Shuttering Plywood,30kg ,PF,Aancor,6x4,,
Shuttering Plywood,30kg ,PF,Black Marble,6x4,,
Shuttering Plywood,30kg ,PF,BMC (Black),6x4,,
Shuttering Plywood,30kg ,PF,Balwan,6x4,,
Shuttering Plywood,30kg ,PF,Dollorbird,6x4,,
Shuttering Plywood,30kg ,PF,Laxmi Power,6x4,,
Shuttering Plywood,30kg ,PF,Redmagic,6x4,,
Shuttering Plywood,30kg ,PF,Residency Black,6x4,,
Shuttering Plywood,30kg ,PF,Residency,8x4,,
Shuttering Plywood,30kg ,PF,Aancor Black,8x4,,
Shuttering Plywood,30kg ,PF,GPI BLACK,8x4,,
Shuttering Plywood,30kg ,PF,Arnica,8x4,,
Shuttering Plywood,30kg ,PF,Aancor,8x4,,
Shuttering Plywood,30kg ,PF,Black Marble,8x4,,
Shuttering Plywood,30kg ,PF,BMC (Black),8x4,,
Shuttering Plywood,30kg ,PF,Balwan,8x4,,
Shuttering Plywood,30kg ,PF,Dollorbird,8x4,,
Shuttering Plywood,30kg ,PF,Laxmi Power,8x4,,
Shuttering Plywood,30kg ,PF,Redmagic,8x4,,
Shuttering Plywood,30kg ,PF,Residency Black,8x4,,
Shuttering Plywood,34kg ,MR ,Emperor,6x4,,
Shuttering Plywood,34kg ,MR ,Siphai,6x4,,
Shuttering Plywood,34kg ,MR ,Woodrick,6x4,,
Shuttering Plywood,34kg ,MR ,Dollorbird,6x4,,
Shuttering Plywood,34kg ,MR ,Ballet,6x4,,
Shuttering Plywood,34kg ,MR ,Laxmi Power,6x4,,
Shuttering Plywood,34kg ,MR ,Black Marble,6x4,,
Shuttering Plywood,34kg ,MR ,Concrete Royal,6x4,,
Shuttering Plywood,34kg ,MR ,WoodNex,6x4,,
Shuttering Plywood,34kg ,MR ,Gorkha Shakti,6x4,,
Shuttering Plywood,34kg ,MR ,Residency,6x4,,
Shuttering Plywood,34kg ,MR ,Emperor,8x4,,
Shuttering Plywood,34kg ,MR ,Siphai,8x4,,
Shuttering Plywood,34kg ,MR ,Woodrick,8x4,,
Shuttering Plywood,34kg ,MR ,Dollorbird,8x4,,
Shuttering Plywood,34kg ,MR ,Ballet,8x4,,
Shuttering Plywood,34kg ,MR ,Laxmi Power,8x4,,
Shuttering Plywood,34kg ,MR ,Black Marble,8x4,,
Shuttering Plywood,34kg ,MR ,Concrete Royal,8x4,,
Shuttering Plywood,34kg ,MR ,WoodNex,8x4,,
Shuttering Plywood,34kg ,MR ,Gorkha Shakti,8x4,,
Shuttering Plywood,34kg ,MR ,Residency,8x4,,
Shuttering Plywood,34kg ,PF,Residency,6x4,,
Shuttering Plywood,34kg ,PF,Aancor Black,6x4,,
Shuttering Plywood,34kg ,PF,GPI BLACK,6x4,,
Shuttering Plywood,34kg ,PF,Arnica,6x4,,
Shuttering Plywood,34kg ,PF,Aancor,6x4,,
Shuttering Plywood,34kg ,PF,Black Marble,6x4,,
Shuttering Plywood,34kg ,PF,BMC (Black),6x4,,
Shuttering Plywood,34kg ,PF,Balwan,6x4,,
Shuttering Plywood,34kg ,PF,Dollorbird,6x4,,
Shuttering Plywood,34kg ,PF,Laxmi Power,6x4,,
Shuttering Plywood,34kg ,PF,Redmagic,6x4,,
Shuttering Plywood,34kg ,PF,Residency Black,6x4,,
Shuttering Plywood,34kg ,PF,Residency,8x4,,
Shuttering Plywood,34kg ,PF,Aancor Black,8x4,,
Shuttering Plywood,34kg ,PF,GPI BLACK,8x4,,
Shuttering Plywood,34kg ,PF,Arnica,8x4,,
Shuttering Plywood,34kg ,PF,Aancor,8x4,,
Shuttering Plywood,34kg ,PF,Black Marble,8x4,,
Shuttering Plywood,34kg ,PF,BMC (Black),8x4,,
Shuttering Plywood,34kg ,PF,Balwan,8x4,,
Shuttering Plywood,34kg ,PF,Dollorbird,8x4,,
Shuttering Plywood,34kg ,PF,Laxmi Power,8x4,,
Shuttering Plywood,34kg ,PF,Redmagic,8x4,,
Shuttering Plywood,34kg ,PF,Residency Black,8x4,,
